{
  "total_examples": 3166,
  "correct_predictions": 1405,
  "error_predictions": 0,
  "success_rate": 0.4437776373973468,
  "accuracy": 0.4437776373973468,
  "precision": 0.1852790389375755,
  "recall": 0.3341464693041171,
  "f1_score": 0.20878130848564488,
  "average": "macro"
}