{
  "split": "val",
  "epoch": 1,
  "accuracy": 0.9090334807327859,
  "precision": 0.605789165602384,
  "recall": 0.6361511240327151,
  "f1_score": 0.620120255920678,
  "count": 1583
}