{
  "split": "val",
  "epoch": 2,
  "accuracy": 0.936197094125079,
  "precision": 0.850641484664041,
  "recall": 0.7626167374599192,
  "f1_score": 0.7904152982929427,
  "count": 1583
}