{
  "split": "train",
  "epoch": 1,
  "accuracy": 0.9118676702258008,
  "precision": 0.7646682490138627,
  "recall": 0.6384278976797453,
  "f1_score": 0.6302251237302258,
  "count": 11426
}