{
  "split": "train",
  "epoch": 2,
  "accuracy": 0.9368107824260459,
  "precision": 0.8461788844777125,
  "recall": 0.7497410602373575,
  "f1_score": 0.7789691620856128,
  "count": 11426
}