{
  "split": "val",
  "epoch": 5,
  "accuracy": 0.9463044851547694,
  "precision": 0.8673176638518071,
  "recall": 0.8101759643280051,
  "f1_score": 0.8331228311489602,
  "count": 1583
}