{
  "split": "train",
  "epoch": 3,
  "accuracy": 0.9488884999124803,
  "precision": 0.9039849954116179,
  "recall": 0.7612469943399641,
  "f1_score": 0.7994466277168328,
  "count": 11426
}