{
  "split": "train",
  "epoch": 5,
  "accuracy": 0.9595659023280239,
  "precision": 0.8966687011932276,
  "recall": 0.8365513245042315,
  "f1_score": 0.8614046226369584,
  "count": 11426
}