{
  "split": "val",
  "epoch": 4,
  "accuracy": 0.9463044851547694,
  "precision": 0.8762796793092815,
  "recall": 0.802224108969512,
  "f1_score": 0.8297960701399383,
  "count": 1583
}