{
  "split": "train",
  "epoch": 4,
  "accuracy": 0.9551899177314895,
  "precision": 0.8872543782159118,
  "recall": 0.8115966871854624,
  "f1_score": 0.8404565606767699,
  "count": 11426
}