{
  "split": "val",
  "epoch": 3,
  "accuracy": 0.9431459254579911,
  "precision": 0.9093961815536392,
  "recall": 0.7669366646290601,
  "f1_score": 0.8054548312102424,
  "count": 1583
}